PRAGMA foreign_keys=OFF;
BEGIN TRANSACTION;
CREATE TABLE IF NOT EXISTS "migrations" ("id" integer not null primary key autoincrement, "migration" varchar not null, "batch" integer not null);
INSERT INTO migrations VALUES(1,'2019_12_14_000001_create_personal_access_tokens_table',1);
INSERT INTO migrations VALUES(2,'2023_01_15_231125_create_columns_table',1);
INSERT INTO migrations VALUES(3,'2023_01_15_231134_create_cards_table',1);
CREATE TABLE IF NOT EXISTS "personal_access_tokens" ("id" integer not null primary key autoincrement, "tokenable_type" varchar not null, "tokenable_id" integer not null, "name" varchar not null, "token" varchar not null, "abilities" text, "last_used_at" datetime, "expires_at" datetime, "created_at" datetime, "updated_at" datetime);
CREATE TABLE IF NOT EXISTS "columns" ("id" integer not null primary key autoincrement, "title" varchar not null, "created_at" datetime, "updated_at" datetime, "deleted_at" datetime);
INSERT INTO columns VALUES(1,'Ipsam animi molestiae quia asperiores.','2023-01-16 19:37:55','2023-01-16 19:37:55',NULL);
INSERT INTO columns VALUES(2,'Aliquid necessitatibus aut voluptas voluptate.','2023-01-16 19:37:55','2023-01-16 19:37:55',NULL);
INSERT INTO columns VALUES(3,'In ut illo delectus quos est.','2023-01-16 19:37:55','2023-01-16 19:37:55',NULL);
INSERT INTO columns VALUES(4,'Reprehenderit repellendus officia et unde minus sit.','2023-01-16 19:37:55','2023-01-16 19:37:55',NULL);
INSERT INTO columns VALUES(5,'Ut doloribus deserunt dolorem consequatur sequi sequi delectus.','2023-01-16 19:37:55','2023-01-16 19:37:55','2023-01-16 19:37:55');
CREATE TABLE IF NOT EXISTS "cards" ("id" integer not null primary key autoincrement, "title" varchar not null, "description" text, "column_id" integer, "position" integer not null, "created_at" datetime, "updated_at" datetime, "deleted_at" datetime, foreign key("column_id") references "columns"("id") on delete cascade on update cascade);
INSERT INTO cards VALUES(1,'Iusto facere odit id dicta atque impedit expedita.','Illum dolores consectetur dolorum assumenda fuga dicta explicabo. Debitis ipsam eum atque rem voluptas rerum. Molestiae et dolores enim cumque ea. Qui possimus sed soluta minima.',1,1,'2023-01-16 19:37:55','2023-01-16 19:38:11',NULL);
INSERT INTO cards VALUES(2,'Sit explicabo sapiente sint ullam sed dolore ipsa.','Ut eos tenetur adipisci vitae sed non. Dolorum voluptatem blanditiis molestias recusandae velit inventore eos. Nisi non nemo numquam omnis. Fugit et dolorum fugiat mollitia architecto ut.',1,9,'2023-01-16 19:37:55','2023-01-16 19:38:11',NULL);
INSERT INTO cards VALUES(3,'Sint quis repudiandae aut suscipit sapiente non.','Voluptatem est sed in sed consequuntur. Incidunt aliquid sint pariatur repellat. Quia ratione quia ut quisquam rerum dolore.',3,7,'2023-01-16 19:37:55','2023-01-16 19:38:13',NULL);
INSERT INTO cards VALUES(4,'Maxime consequatur illo error asperiores fugit tempora.','Maxime ut aspernatur fugit excepturi a modi optio sed. Provident vel molestiae et repellendus. Voluptates harum nihil totam delectus aut. Corrupti quidem recusandae unde sed temporibus. Qui ipsa quis fugiat et rerum saepe.',1,3,'2023-01-16 19:37:55','2023-01-16 19:38:11',NULL);
INSERT INTO cards VALUES(5,'Delectus aliquid culpa numquam occaecati.','Dolor dolores quisquam alias qui vel et. Velit dolorum tempora eos soluta quo. Alias quibusdam veritatis fugiat distinctio in sit dolor.',1,8,'2023-01-16 19:37:55','2023-01-16 19:38:11',NULL);
INSERT INTO cards VALUES(6,'Quis non magni qui perspiciatis.','Non ipsum distinctio accusantium fugit voluptatum cum ratione vel. Amet in atque iure debitis. Dolores asperiores est placeat molestiae.',1,2,'2023-01-16 19:37:55','2023-01-16 19:38:11',NULL);
INSERT INTO cards VALUES(7,'Nulla reprehenderit optio qui dolore dolorem impedit eligendi.','Nobis ut dolor quas eius rerum omnis. Nesciunt possimus velit voluptas rerum harum vitae et. Et id eum et velit eaque. Animi modi ea omnis.',1,4,'2023-01-16 19:37:55','2023-01-16 19:38:11',NULL);
INSERT INTO cards VALUES(8,'Laboriosam nostrum labore ea voluptas sit nisi.','Consequuntur aut officia quas ut. Ad quis vel nihil et dolor aut eos. Labore facilis dolores inventore maiores est.',1,6,'2023-01-16 19:37:55','2023-01-16 19:38:11',NULL);
INSERT INTO cards VALUES(9,'Culpa officia amet qui amet veniam et.','Id at quo doloribus dolorem aut laborum. Occaecati soluta sunt et quos dolores ut excepturi. Sunt ipsum rerum accusantium maiores velit.',1,7,'2023-01-16 19:37:55','2023-01-16 19:38:11',NULL);
INSERT INTO cards VALUES(10,'Qui qui cupiditate architecto perferendis.','Quasi aut ipsa sed dicta quas autem asperiores. Quae hic ut exercitationem esse et qui. Aut doloremque nisi eum esse cumque laudantium nihil. Quod ducimus non magnam vitae ad.',2,95494860,'2023-01-16 19:37:55','2023-01-16 19:37:55',NULL);
INSERT INTO cards VALUES(11,'Et dolores est a veniam facilis et.','Quis voluptatem dolor fugit ut soluta aliquam. Exercitationem dolor aut quia neque aliquam autem praesentium. Tenetur ut maxime et iste. Illo culpa non aliquid natus enim dolorem. Dolores earum voluptates quia dolor eligendi esse molestias sint.',2,65,'2023-01-16 19:37:55','2023-01-16 19:37:55',NULL);
INSERT INTO cards VALUES(12,'Velit libero vel commodi officiis at dolorem doloremque.','Officiis aspernatur esse expedita eum consequatur tempora. Nihil qui cumque expedita corrupti nobis. Doloremque molestias fugit nihil eos. Corporis sunt iure mollitia sunt sapiente.',2,5617545,'2023-01-16 19:37:55','2023-01-16 19:37:55',NULL);
INSERT INTO cards VALUES(13,'Doloribus praesentium eius assumenda occaecati rerum aut quam.','Incidunt iusto et est aut cum tenetur. Tempora deserunt quo voluptatem. Laborum culpa itaque possimus debitis facilis.',2,2,'2023-01-16 19:37:55','2023-01-16 19:37:55',NULL);
INSERT INTO cards VALUES(14,'Non perspiciatis in autem.','Sapiente est voluptatem et iusto. Excepturi aliquid iste ut ut voluptatem voluptate. Odit in necessitatibus accusamus saepe totam suscipit. Ex nemo nisi nesciunt eligendi et.',2,36,'2023-01-16 19:37:55','2023-01-16 19:37:55',NULL);
INSERT INTO cards VALUES(15,'Autem reprehenderit eos consequatur neque optio.','Deleniti enim est porro illo. Quas et est est occaecati explicabo occaecati totam.',2,37325,'2023-01-16 19:37:55','2023-01-16 19:37:55',NULL);
INSERT INTO cards VALUES(16,'Eaque non cupiditate illum non atque dolor.','Recusandae quidem vel vitae minus sed est. Dolorum id possimus totam reprehenderit voluptas rem est. Repellendus laboriosam corporis maiores eligendi dignissimos. Aut aut nostrum ipsum.',2,914644,'2023-01-16 19:37:55','2023-01-16 19:37:55',NULL);
INSERT INTO cards VALUES(17,'Quod est voluptates asperiores aliquid quasi repellendus est.','Mollitia modi doloribus ad dolore officiis quibusdam. Quibusdam perferendis quia mollitia. Eos voluptatum vel nam odit doloribus exercitationem placeat. Ut exercitationem consequatur nostrum laborum sint. Quis quibusdam minima tenetur hic velit non.',3,5,'2023-01-16 19:37:55','2023-01-16 19:38:06',NULL);
INSERT INTO cards VALUES(18,'Vero soluta harum pariatur dolor est.','Minima sed et ut facilis. Quasi cumque omnis quam aspernatur autem. Dolores omnis excepturi dolore voluptatibus voluptatem.',3,9,'2023-01-16 19:37:55','2023-01-16 19:38:13',NULL);
INSERT INTO cards VALUES(19,'Qui aut suscipit et dignissimos.','Hic quo et ad excepturi et dolore soluta. Omnis laudantium culpa distinctio sequi quia. Quia possimus et voluptatem illum aut nihil sit ipsum. Consequatur recusandae culpa repellat est id quam molestias sit.',3,1,'2023-01-16 19:37:55','2023-01-16 19:38:06',NULL);
INSERT INTO cards VALUES(20,'Quo perferendis ullam dolorum natus nisi.','Sit minus sed tempora maxime aut quisquam debitis. Perferendis sit et quos quae ab rerum. Qui sit quasi corporis vel facere aut doloribus necessitatibus.',3,4,'2023-01-16 19:37:55','2023-01-16 19:38:06',NULL);
INSERT INTO cards VALUES(21,'Ut numquam earum rerum vitae soluta repellendus.','A eveniet rerum maxime voluptatum accusantium est voluptatibus. Sed tempora saepe aut et eum aut.',3,3,'2023-01-16 19:37:55','2023-01-16 19:38:06',NULL);
INSERT INTO cards VALUES(22,'Dolores labore fuga eum.','Maiores sint quis dolorem. Asperiores tempore laudantium voluptatem est dolor architecto. Voluptatibus sit iste commodi.',3,6,'2023-01-16 19:37:55','2023-01-16 19:38:06',NULL);
INSERT INTO cards VALUES(23,'Id et perferendis temporibus rerum fuga eum.','Officiis qui necessitatibus est nesciunt voluptates et. Et blanditiis voluptatem voluptas in. Non accusamus repudiandae ut odit tempora. In sed dolorem odio ut occaecati.',3,2,'2023-01-16 19:37:55','2023-01-16 19:37:55',NULL);
INSERT INTO cards VALUES(24,'Odio qui dicta sed provident numquam aut eius.','Neque et omnis aut est aperiam. Vel mollitia et id illum vitae. Iusto iure odio est eius est. Porro quod perferendis odit praesentium dolorum dolor vero.',3,8,'2023-01-16 19:37:55','2023-01-16 19:38:13',NULL);
INSERT INTO cards VALUES(25,'Quas debitis ullam in doloribus nemo architecto et.','Sint et quia perspiciatis et sit. Sunt et ab est dolore. Quaerat a asperiores accusamus et vitae nesciunt sint aliquid. Libero ex dolorum commodi consequuntur aliquam id temporibus.',4,2,'2023-01-16 19:37:55','2023-01-16 19:38:08',NULL);
INSERT INTO cards VALUES(26,'Et qui voluptatem tenetur.','Sed animi nesciunt suscipit et. Accusantium neque eum eius tempora sint eaque quo. Repudiandae vitae eos sed est quo. Omnis et ut quia quia hic aliquam ipsa.',4,4,'2023-01-16 19:37:55','2023-01-16 19:38:08',NULL);
INSERT INTO cards VALUES(27,'Quas nesciunt et velit quo voluptas.','Ullam doloribus quae beatae libero nihil. Debitis consequatur quos voluptatem mollitia sit quas quas amet. Id nam dolor quia ea magni rerum. Odit minus nesciunt qui mollitia.',4,8,'2023-01-16 19:37:55','2023-01-16 19:38:08',NULL);
INSERT INTO cards VALUES(28,'Eveniet nesciunt neque qui ea sed totam.','Itaque ratione nihil fuga officiis. Et accusantium sed qui quas maxime. Occaecati blanditiis unde possimus doloribus eveniet. Ullam iusto nobis voluptates qui qui.',4,5,'2023-01-16 19:37:55','2023-01-16 19:38:08',NULL);
INSERT INTO cards VALUES(29,'Et ducimus ut voluptatem laboriosam.1','Molestias temporibus velit ratione ut corporis dolorum quam. Delectus dolore vel nam quis fugiat harum. Accusantium error a ducimus repellendus qui quia minima.11',4,1,'2023-01-16 19:37:55','2023-01-16 19:38:44',NULL);
INSERT INTO cards VALUES(30,'Eius labore quia aut in est delectus quis unde.','Voluptatem doloremque repudiandae ab nulla. Perspiciatis dolorem neque nam debitis perferendis. Ut molestiae consequuntur atque et adipisci ipsam. Adipisci nam pariatur laborum necessitatibus culpa debitis quaerat.',4,7,'2023-01-16 19:37:55','2023-01-16 19:38:08',NULL);
INSERT INTO cards VALUES(31,'Inventore molestiae blanditiis voluptas quo.','Animi ullam et libero blanditiis quia officiis enim. Sequi explicabo rem distinctio blanditiis et cum sunt. Rerum autem ex facilis dolores.',4,3,'2023-01-16 19:37:55','2023-01-16 19:38:08',NULL);
INSERT INTO cards VALUES(32,'Aliquid ut harum voluptate alias eveniet repellendus consequatur.','Rem ut expedita eaque placeat dolor illum. Assumenda libero hic adipisci ratione sit praesentium atque. Aut porro quo earum aliquid quos sunt. Omnis rerum molestias numquam qui et ab.',4,6,'2023-01-16 19:37:55','2023-01-16 19:38:08',NULL);
INSERT INTO cards VALUES(33,'Est sed reiciendis dolore iure et.','Voluptatem at et eius accusantium necessitatibus officia nesciunt. A eos et est dicta. Qui ullam culpa aut at. Aut rem harum debitis non.',5,7208,'2023-01-16 19:37:55','2023-01-16 19:37:55',NULL);
INSERT INTO cards VALUES(34,'Eum id vel est non nobis amet.','Officiis vel fugit voluptas ut. Animi laborum nostrum quo consequatur sint. Non velit quos hic magni.',5,1985378,'2023-01-16 19:37:55','2023-01-16 19:37:55',NULL);
DELETE FROM sqlite_sequence;
INSERT INTO sqlite_sequence VALUES('migrations',3);
INSERT INTO sqlite_sequence VALUES('columns',5);
INSERT INTO sqlite_sequence VALUES('cards',34);
CREATE INDEX "personal_access_tokens_tokenable_type_tokenable_id_index" on "personal_access_tokens" ("tokenable_type", "tokenable_id");
CREATE UNIQUE INDEX "personal_access_tokens_token_unique" on "personal_access_tokens" ("token");
COMMIT;
