PRAGMA foreign_keys=OFF;
BEGIN TRANSACTION;
CREATE TABLE IF NOT EXISTS "migrations" ("id" integer not null primary key autoincrement, "migration" varchar not null, "batch" integer not null);
INSERT INTO migrations VALUES(1,'2019_12_14_000001_create_personal_access_tokens_table',1);
INSERT INTO migrations VALUES(2,'2023_01_15_231125_create_columns_table',1);
INSERT INTO migrations VALUES(3,'2023_01_15_231134_create_cards_table',1);
CREATE TABLE IF NOT EXISTS "personal_access_tokens" ("id" integer not null primary key autoincrement, "tokenable_type" varchar not null, "tokenable_id" integer not null, "name" varchar not null, "token" varchar not null, "abilities" text, "last_used_at" datetime, "expires_at" datetime, "created_at" datetime, "updated_at" datetime);
CREATE TABLE IF NOT EXISTS "columns" ("id" integer not null primary key autoincrement, "title" varchar not null, "created_at" datetime, "updated_at" datetime, "deleted_at" datetime);
INSERT INTO columns VALUES(1,'Sit rerum quis corporis molestiae.','2023-01-16 08:44:38','2023-01-16 08:44:38',NULL);
INSERT INTO columns VALUES(2,'Nostrum accusamus libero tempore impedit perspiciatis.','2023-01-16 08:44:38','2023-01-16 08:44:43','2023-01-16 08:44:43');
INSERT INTO columns VALUES(3,'Dolor culpa mollitia tempore amet aliquam dolore consequatur nam.','2023-01-16 08:44:38','2023-01-16 08:44:44','2023-01-16 08:44:44');
INSERT INTO columns VALUES(4,'Et animi numquam nostrum iste.','2023-01-16 08:44:38','2023-01-16 08:44:38',NULL);
INSERT INTO columns VALUES(5,'Dolor aut sed nemo dolores esse.','2023-01-16 08:44:38','2023-01-16 08:44:38','2023-01-16 08:44:38');
INSERT INTO columns VALUES(6,'wswdq','2023-01-16 08:44:47','2023-01-16 08:44:47',NULL);
CREATE TABLE IF NOT EXISTS "cards" ("id" integer not null primary key autoincrement, "title" varchar not null, "description" text, "column_id" integer, "position" integer not null, "created_at" datetime, "updated_at" datetime, "deleted_at" datetime, foreign key("column_id") references "columns"("id") on delete cascade on update cascade);
INSERT INTO cards VALUES(1,'Rem unde qui asperiores facere vitae placeat.','Et aliquid quibusdam quaerat eius dolorem. Omnis error suscipit alias voluptatem. Nostrum labore culpa enim facilis et.',1,1934299,'2023-01-16 08:44:38','2023-01-16 08:44:38',NULL);
INSERT INTO cards VALUES(2,'Veniam sunt mollitia eius ab nulla reiciendis.','Qui inventore nesciunt dolorem distinctio nesciunt. Impedit dolore dolores hic pariatur modi. Sint consequatur ab recusandae quos odio. Iure officiis eveniet et sit et.',1,2361,'2023-01-16 08:44:38','2023-01-16 08:44:38',NULL);
INSERT INTO cards VALUES(3,'Vitae voluptate est rerum accusamus cum repudiandae nesciunt eius.','Laudantium voluptas sapiente perspiciatis dolorem reprehenderit. Quisquam molestiae illo eum est ipsam accusantium qui. Et deserunt dolorem deleniti explicabo blanditiis.',1,216554,'2023-01-16 08:44:38','2023-01-16 08:44:38',NULL);
INSERT INTO cards VALUES(4,'Qui voluptatem totam possimus accusamus ut.','Ut et architecto sit consectetur quia. Explicabo odit autem ad et provident. Dignissimos ut cum unde inventore.',1,58792,'2023-01-16 08:44:38','2023-01-16 08:44:38',NULL);
INSERT INTO cards VALUES(5,'Laboriosam maiores iste nihil porro repudiandae consequatur.','Consequatur perferendis saepe facilis molestiae cum. Nihil explicabo qui doloremque veniam exercitationem harum id. Quos dicta blanditiis cum quos rerum id sunt. Sint qui ad est.',1,54554019,'2023-01-16 08:44:38','2023-01-16 08:44:38',NULL);
INSERT INTO cards VALUES(6,'Sit et est qui quasi quibusdam recusandae.','Harum similique voluptates eum ipsam quisquam doloremque omnis. Quo iusto provident est aut. Enim ipsam atque minus natus tempore et corporis.',1,4101,'2023-01-16 08:44:38','2023-01-16 08:44:38',NULL);
INSERT INTO cards VALUES(7,'Accusantium sit libero repellendus ad rerum expedita.','Quaerat aut nulla atque. Consectetur excepturi vel et. Velit ducimus eum voluptate explicabo sit. Qui accusantium dicta dolores possimus iste cum ut quidem. Commodi qui placeat quidem architecto necessitatibus nisi qui.',1,30263,'2023-01-16 08:44:38','2023-01-16 08:44:38',NULL);
INSERT INTO cards VALUES(8,'Autem autem quisquam necessitatibus eius inventore.','Nesciunt sed et ut eos. Fugit consequatur quaerat officia et dolorem. Voluptates deleniti inventore quod totam id.',1,668704471,'2023-01-16 08:44:38','2023-01-16 08:44:38',NULL);
INSERT INTO cards VALUES(9,'Neque maxime quae quis maxime nesciunt.','Iste rerum dolores aut. Ut ut ut dolore labore a. Numquam dolor et et repellendus reprehenderit cum. Nihil consequatur quod voluptate nam repudiandae est.',2,24840,'2023-01-16 08:44:38','2023-01-16 08:44:38',NULL);
INSERT INTO cards VALUES(10,'Perferendis magnam magnam saepe numquam ut.','Sequi quod et unde consequatur qui consectetur. Rerum quae magnam odio ea.',2,377790,'2023-01-16 08:44:38','2023-01-16 08:44:38',NULL);
INSERT INTO cards VALUES(11,'Incidunt eveniet facilis omnis porro.','Ut sit aspernatur eius optio odit consectetur. Laborum sed natus sequi aspernatur hic voluptas. Ducimus iusto non error aliquid nam. Omnis quaerat qui qui aut quam id.',2,81261,'2023-01-16 08:44:38','2023-01-16 08:44:38',NULL);
INSERT INTO cards VALUES(12,'Est at rerum libero eum aut doloremque id.','Qui eius voluptatem error asperiores. Aut neque atque et omnis eos occaecati. Quisquam eligendi odit sunt non. Quam odit tenetur praesentium qui rerum aut consequatur.',2,27,'2023-01-16 08:44:38','2023-01-16 08:44:38',NULL);
INSERT INTO cards VALUES(13,'Sint quod possimus animi possimus vitae cumque.','Perspiciatis repellendus qui inventore inventore ipsa et. Illo facilis nisi molestias doloribus. Accusamus autem quaerat id hic hic sequi neque aut.',2,215447107,'2023-01-16 08:44:38','2023-01-16 08:44:38',NULL);
INSERT INTO cards VALUES(14,'Doloribus tempora sapiente iure.','Deleniti illo voluptatem rerum a voluptas. Magnam ducimus numquam aut facilis illum deleniti magni. Quia quasi labore sunt accusantium saepe tempore. Mollitia saepe quia iste vero vitae suscipit consectetur perferendis.',2,609675948,'2023-01-16 08:44:38','2023-01-16 08:44:38',NULL);
INSERT INTO cards VALUES(15,'Non ipsa inventore voluptatem dignissimos.','Eveniet numquam nam velit explicabo rerum. Doloribus nisi consequuntur et sed dolor. Id aut aut est dicta quis. Libero nihil et nisi ullam maxime occaecati aut.',2,1481,'2023-01-16 08:44:38','2023-01-16 08:44:38',NULL);
INSERT INTO cards VALUES(16,'Ullam ut corporis perferendis earum doloribus.','Explicabo architecto debitis soluta. Eligendi explicabo repellat aut dolor magni nemo earum. Odit voluptate quod odit eveniet dolore.',2,84746,'2023-01-16 08:44:38','2023-01-16 08:44:38',NULL);
INSERT INTO cards VALUES(17,'Blanditiis facere aut harum ut voluptas sequi.','Dolor exercitationem quia sequi doloribus aut ut et voluptas. Fugiat beatae earum voluptatibus recusandae. Quos provident totam nemo sequi molestiae.',3,796815,'2023-01-16 08:44:38','2023-01-16 08:44:38',NULL);
INSERT INTO cards VALUES(18,'Ipsam tempora rem optio enim veritatis et.','Nostrum fugit ullam hic. Non non voluptatem consequuntur voluptatem sed assumenda. Non sed nostrum dolores distinctio omnis et ab. Amet non et sint enim rem.',3,16,'2023-01-16 08:44:38','2023-01-16 08:44:38',NULL);
INSERT INTO cards VALUES(19,'Libero magni quia excepturi aut.','Ad at voluptas enim qui similique. Voluptas illum ab corrupti consequatur pariatur ratione doloremque ut.',3,37,'2023-01-16 08:44:38','2023-01-16 08:44:38',NULL);
INSERT INTO cards VALUES(20,'Sed sapiente sunt aut animi omnis dolores accusamus.','Esse est quam eos eum asperiores voluptates. Est veniam qui dolores aut natus. Illum libero error eveniet molestiae quia voluptatem. Et quo delectus provident porro.',3,2,'2023-01-16 08:44:38','2023-01-16 08:44:38',NULL);
INSERT INTO cards VALUES(21,'Vel et quas laboriosam ab nisi illo.','Voluptatem porro explicabo amet magnam optio voluptate. Sint iste aperiam ut perspiciatis reiciendis maiores. Deserunt officia nesciunt error et eveniet. Alias sunt aliquid necessitatibus.',3,2336,'2023-01-16 08:44:38','2023-01-16 08:44:38',NULL);
INSERT INTO cards VALUES(22,'Nobis eligendi et doloribus et.','Excepturi molestiae illum recusandae voluptatem omnis. Sunt iste ipsa iure omnis.',3,5501822,'2023-01-16 08:44:38','2023-01-16 08:44:38',NULL);
INSERT INTO cards VALUES(23,'Aut recusandae iusto sit odio autem voluptatem id.','Numquam reprehenderit voluptates officia dolore quia est. Sed sapiente a deserunt voluptates tempore. Nesciunt qui aliquid explicabo. Velit quo autem itaque non.',3,4,'2023-01-16 08:44:38','2023-01-16 08:44:38',NULL);
INSERT INTO cards VALUES(24,'Voluptatem dolorum eum qui voluptatem porro doloremque.','Provident repellendus officiis corrupti nostrum saepe at. Corporis consequatur saepe unde. Eos velit animi architecto. Atque perspiciatis expedita totam inventore et.',3,125679179,'2023-01-16 08:44:38','2023-01-16 08:44:38',NULL);
INSERT INTO cards VALUES(25,'Maiores ut qui et dolores nobis vel.','Nihil nisi provident ut. Eos ratione id eius voluptatem sint vitae fugiat. Labore magnam voluptatibus ea.',4,768901708,'2023-01-16 08:44:38','2023-01-16 08:44:38',NULL);
INSERT INTO cards VALUES(26,'Necessitatibus amet et ex ut.','Quaerat velit et rerum distinctio eius aut qui blanditiis. Quidem voluptatem similique nostrum iste doloribus. Eaque excepturi non doloremque in. Aperiam iure nesciunt nisi et sint omnis laboriosam.',4,4872257,'2023-01-16 08:44:38','2023-01-16 08:44:38',NULL);
INSERT INTO cards VALUES(27,'Eveniet alias molestiae repudiandae.','Quis velit ut excepturi. Quibusdam accusamus voluptatem dolor possimus facere voluptatem. Est illum non commodi ipsam. Culpa vitae voluptatibus sit quia exercitationem fugit est aperiam.',4,61773,'2023-01-16 08:44:38','2023-01-16 08:44:38',NULL);
INSERT INTO cards VALUES(28,'Nihil est id dolorem mollitia.','Dolore et eum qui quae et fugiat. Delectus fugit laborum voluptatem quod odio maiores.',4,624978419,'2023-01-16 08:44:38','2023-01-16 08:44:38',NULL);
INSERT INTO cards VALUES(29,'Alias animi in dolorem cumque magni.','Nihil praesentium rerum dolor consequuntur optio dolor. Sed ut consequatur assumenda aut qui nostrum harum et. Repudiandae earum laudantium delectus.',4,53,'2023-01-16 08:44:38','2023-01-16 08:44:38',NULL);
INSERT INTO cards VALUES(30,'Recusandae fugiat quaerat voluptatibus cumque sapiente repellat autem.','Est eum voluptatibus id voluptas. Id voluptatem quos tempora veritatis in facere. Dicta aperiam consequuntur qui odio mollitia nemo maxime.',4,1281437,'2023-01-16 08:44:38','2023-01-16 08:44:38',NULL);
INSERT INTO cards VALUES(31,'Nisi autem eligendi totam.','Est sed iure nulla et. Modi magni quia rerum saepe. Est quia quia harum delectus laboriosam doloremque et. Modi eaque dignissimos dolorum quasi exercitationem totam perferendis.',4,64,'2023-01-16 08:44:38','2023-01-16 08:44:38',NULL);
INSERT INTO cards VALUES(32,'Perferendis ipsa qui sed rerum facilis non.','Fuga et voluptatum quia aliquid inventore nam. Earum et ut molestiae iste. Excepturi inventore tenetur perspiciatis.',4,35228066,'2023-01-16 08:44:38','2023-01-16 08:44:38',NULL);
INSERT INTO cards VALUES(33,'Praesentium fugit enim autem officia perferendis odit repudiandae.','Ut magnam sed sunt in et. Sequi molestiae qui qui temporibus quam porro repudiandae. Iusto aut ab laudantium iure. Non quae dolor quia laborum fugiat dolor quos.',5,54574003,'2023-01-16 08:44:38','2023-01-16 08:44:38',NULL);
INSERT INTO cards VALUES(34,'Ea ut nobis pariatur nisi rerum veritatis nam.','Itaque rem perspiciatis fuga. Deserunt aliquam iure eligendi quis nihil et eum. Omnis vero neque quas.',5,5912122,'2023-01-16 08:44:38','2023-01-16 08:44:38',NULL);
INSERT INTO cards VALUES(35,'ssxsxs',NULL,6,768901709,'2023-01-16 08:45:53','2023-01-16 08:45:53',NULL);
INSERT INTO cards VALUES(36,'dxklkcxddcjd',NULL,6,768901710,'2023-01-16 08:46:01','2023-01-16 08:46:01',NULL);
INSERT INTO cards VALUES(37,'wdsjjewj',NULL,6,768901711,'2023-01-16 08:46:05','2023-01-16 08:46:05',NULL);
INSERT INTO cards VALUES(38,'dwacdejdjew',NULL,6,768901712,'2023-01-16 08:46:11','2023-01-16 08:46:11',NULL);
DELETE FROM sqlite_sequence;
INSERT INTO sqlite_sequence VALUES('migrations',3);
INSERT INTO sqlite_sequence VALUES('columns',6);
INSERT INTO sqlite_sequence VALUES('cards',38);
CREATE INDEX "personal_access_tokens_tokenable_type_tokenable_id_index" on "personal_access_tokens" ("tokenable_type", "tokenable_id");
CREATE UNIQUE INDEX "personal_access_tokens_token_unique" on "personal_access_tokens" ("token");
COMMIT;
